{
    "initial_parameters": {
        "gamma_a": 0.02608394355,
        "k_c": 41.64667915,
        "m_a": 3.32120031,
        "gamma_c": 0.006572340045,
        "alpha": 20.4447203,
        "m_c": 3.22743791,
        "k_a": 8.31622837,
        "delay": 22.431020500000002,
        "lambda_s": 2.7830692949999998,
        "lambda_a": 8.21521478,
        "t_s": 12.67784371,
        "sigma": 0.784350545,
        "crh": 0.5
    },
    "param_bif_1": "delay",
    "param_bif_2": "crh",
    "initial_values": {
        "initial_acth": 2.3,
        "initial_cort": 24.25
    },
    "branch": {
        "min_bound_1": 0,
        "min_bound_2": 0,
        "max_bound_1": 100,
        "max_bound_2": 9000,
        "max_bound_1_plot": 30,
        "max_steps_1": 0.5,
        "max_steps_2": 10,
        "n_steps": 1400,
        "max_iterations": 5000
    },
    "filename": "mean_parameters"
}
