{
    "signal": "Both",
    "participant": 4,
    "parameters": {
        "gamma_a": 0.0482899049,
        "k_c": 43.7839146,
        "m_a": 4.11069772,
        "gamma_c": 0.00857633802,
        "alpha": 23.7761579,
        "m_c": 2.63892693,
        "k_a": 8.49230514,
        "delay": 16.5252159,
        "lambda_s": 4.32316683,
        "lambda_a": 7.4281198,
        "t_s": 88.7240198,
        "sigma": 0.893838858
    },
    "fixed_params": {
        "T_c": 1440,
        "h": 1
    },
    "plot_title": "",
    "num_days": 8,
    "reject": false,
    "final_value": true,
    "show_observed_values": true,
    "plot_option": 3,
    "plot_crh": true,
    "stressor": {
        "magnitude": 800,
        "decay": 1,
        "time_in_scope": 100
    },
    "error": 34.02,
    "error_metrics": {
        "mae": 0.571,
        "envelope": 0.0223,
        "phase": 0.0874,
        "mse": 34.02
    }
}