{
    "signal": "Both",
    "participant": 6,
    "parameters": {
        "gamma_a": 0.0473655897,
        "k_c": 32.7231964,
        "m_a": 3.3535921,
        "gamma_c": 0.00990949308,
        "alpha": 23.8831433,
        "m_c": 2.82470511,
        "k_a": 23.9243091,
        "delay": 22.3208528,
        "lambda_s": 3.44551255,
        "lambda_a": 17.7828134,
        "t_s": 2.77852267,
        "sigma": 0.66736771
    },
    "fixed_params": {
        "T_c": 1440,
        "h": 1
    },
    "plot_title": "",
    "num_days": 8,
    "reject": false,
    "final_value": true,
    "show_observed_values": true,
    "plot_option": 3,
    "plot_crh": true,
    "stressor": {
        "magnitude": 800,
        "decay": 1,
        "time_in_scope": 100
    },
    "error": 62.9,
    "error_metrics": {
        "mae": 0.781,
        "envelope": 0.0425,
        "phase": 0.163,
        "mse": 62.9
    }
}