{
    "signal": "Both",
    "participant": 7,
    "parameters": {
        "gamma_a": 0.0299409199,
        "k_c": 39.3130427,
        "m_a": 3.28880852,
        "gamma_c": 0.00578011778,
        "alpha": 20.0092464,
        "m_c": 4.50870935,
        "k_a": 10.3566285,
        "delay": 20.9088849,
        "lambda_s": 2.29527517,
        "lambda_a": 6.08273882,
        "t_s": -42.7506958,
        "sigma": 0.785878767
    },
    "fixed_params": {
        "T_c": 1440,
        "h": 1
    },
    "plot_title": "",
    "num_days": 8,
    "reject": false,
    "final_value": true,
    "show_observed_values": true,
    "plot_option": 3,
    "plot_crh": true,
    "stressor": {
        "magnitude": 800,
        "decay": 1,
        "time_in_scope": 100
    },
    "error": 56.27,
    "error_metrics": {
        "mae": 0.891,
        "envelope": 0.0357,
        "phase": 0.155,
        "mse": 56.27
    }
}